SKU,SPH,CYL,当前库存
0.00/0.00,0.00,0.00,152
0.00/-0.25,0.00,-0.25,9
0.00/-0.50,0.00,-0.50,36
0.00/-0.75,0.00,-0.75,24
0.00/-1.00,0.00,-1.00,22
0.00/-1.25,0.00,-1.25,3
0.00/-1.50,0.00,-1.50,2
0.00/-1.75,0.00,-1.75,1
0.00/-2.00,0.00,-2.00,4
-0.25/0.00,-0.25,0.00,43
-0.25/-0.25,-0.25,-0.25,10
-0.25/-0.50,-0.25,-0.50,20
-0.25/-0.75,-0.25,-0.75,14
-0.25/-1.00,-0.25,-1.00,13
-0.25/-1.25,-0.25,-1.25,3
-0.25/-1.50,-0.25,-1.50,3
-0.25/-1.75,-0.25,-1.75,3
-0.25/-2.00,-0.25,-2.00,4
-0.50/0.00,-0.50,0.00,70
-0.50/-0.25,-0.50,-0.25,6
-0.50/-0.50,-0.50,-0.50,46
-0.50/-0.75,-0.50,-0.75,21
-0.50/-1.00,-0.50,-1.00,11
-0.50/-1.25,-0.50,-1.25,3
-0.50/-1.50,-0.50,-1.50,2
-0.50/-1.75,-0.50,-1.75,4
-0.50/-2.00,-0.50,-2.00,3
-0.75/0.00,-0.75,0.00,92
-0.75/-0.25,-0.75,-0.25,6
-0.75/-0.50,-0.75,-0.50,55
-0.75/-0.75,-0.75,-0.75,28
-0.75/-1.00,-0.75,-1.00,15
-0.75/-1.25,-0.75,-1.25,3
-0.75/-1.50,-0.75,-1.50,2
-0.75/-1.75,-0.75,-1.75,4
-0.75/-2.00,-0.75,-2.00,4
-1.00/0.00,-1.00,0.00,110
-1.00/-0.25,-1.00,-0.25,13
-1.00/-0.50,-1.00,-0.50,74
-1.00/-0.75,-1.00,-0.75,44
-1.00/-1.00,-1.00,-1.00,18
-1.00/-1.25,-1.00,-1.25,1
-1.00/-1.50,-1.00,-1.50,1
-1.00/-1.75,-1.00,-1.75,3
-1.00/-2.00,-1.00,-2.00,4
-1.25/0.00,-1.25,0.00,116
-1.25/-0.25,-1.25,-0.25,15
-1.25/-0.50,-1.25,-0.50,78
-1.25/-0.75,-1.25,-0.75,22
-1.25/-1.00,-1.25,-1.00,19
-1.25/-1.25,-1.25,-1.25,2
-1.25/-1.50,-1.25,-1.50,2
-1.25/-1.75,-1.25,-1.75,2
-1.25/-2.00,-1.25,-2.00,4
-1.50/0.00,-1.50,0.00,91
-1.50/-0.25,-1.50,-0.25,6
-1.50/-0.50,-1.50,-0.50,82
-1.50/-0.75,-1.50,-0.75,38
-1.50/-1.00,-1.50,-1.00,25
-1.50/-1.25,-1.50,-1.25,0
-1.50/-1.50,-1.50,-1.50,1
-1.50/-1.75,-1.50,-1.75,4
-1.50/-2.00,-1.50,-2.00,3
-1.75/0.00,-1.75,0.00,85
-1.75/-0.25,-1.75,-0.25,5
-1.75/-0.50,-1.75,-0.50,55
-1.75/-0.75,-1.75,-0.75,39
-1.75/-1.00,-1.75,-1.00,26
-1.75/-1.25,-1.75,-1.25,3
-1.75/-1.50,-1.75,-1.50,3
-1.75/-1.75,-1.75,-1.75,3
-1.75/-2.00,-1.75,-2.00,2
-2.00/0.00,-2.00,0.00,65
-2.00/-0.25,-2.00,-0.25,9
-2.00/-0.50,-2.00,-0.50,60
-2.00/-0.75,-2.00,-0.75,40
-2.00/-1.00,-2.00,-1.00,26
-2.00/-1.25,-2.00,-1.25,2
-2.00/-1.50,-2.00,-1.50,3
-2.00/-1.75,-2.00,-1.75,4
-2.00/-2.00,-2.00,-2.00,3
-2.25/0.00,-2.25,0.00,19
-2.25/-0.25,-2.25,-0.25,2
-2.25/-0.50,-2.25,-0.50,16
-2.25/-0.75,-2.25,-0.75,4
-2.25/-1.00,-2.25,-1.00,3
-2.25/-1.25,-2.25,-1.25,3
-2.25/-1.50,-2.25,-1.50,4
-2.25/-1.75,-2.25,-1.75,3
-2.25/-2.00,-2.25,-2.00,2
-2.50/0.00,-2.50,0.00,9
-2.50/-0.25,-2.50,-0.25,2
-2.50/-0.50,-2.50,-0.50,11
-2.50/-0.75,-2.50,-0.75,11
-2.50/-1.00,-2.50,-1.00,4
-2.50/-1.25,-2.50,-1.25,4
-2.50/-1.50,-2.50,-1.50,4
-2.50/-1.75,-2.50,-1.75,4
-2.50/-2.00,-2.50,-2.00,4
-2.75/0.00,-2.75,0.00,17
-2.75/-0.25,-2.75,-0.25,3
-2.75/-0.50,-2.75,-0.50,17
-2.75/-0.75,-2.75,-0.75,7
-2.75/-1.00,-2.75,-1.00,5
-2.75/-1.25,-2.75,-1.25,3
-2.75/-1.50,-2.75,-1.50,3
-2.75/-1.75,-2.75,-1.75,4
-2.75/-2.00,-2.75,-2.00,2
-3.00/0.00,-3.00,0.00,14
-3.00/-0.25,-3.00,-0.25,4
-3.00/-0.50,-3.00,-0.50,7
-3.00/-0.75,-3.00,-0.75,3
-3.00/-1.00,-3.00,-1.00,4
-3.00/-1.25,-3.00,-1.25,1
-3.00/-1.50,-3.00,-1.50,3
-3.00/-1.75,-3.00,-1.75,2
-3.00/-2.00,-3.00,-2.00,2
-3.25/0.00,-3.25,0.00,5
-3.25/-0.25,-3.25,-0.25,1
-3.25/-0.50,-3.25,-0.50,9
-3.25/-0.75,-3.25,-0.75,3
-3.25/-1.00,-3.25,-1.00,6
-3.25/-1.25,-3.25,-1.25,2
-3.25/-1.50,-3.25,-1.50,2
-3.25/-1.75,-3.25,-1.75,2
-3.25/-2.00,-3.25,-2.00,4
-3.50/0.00,-3.50,0.00,5
-3.50/-0.25,-3.50,-0.25,2
-3.50/-0.50,-3.50,-0.50,7
-3.50/-0.75,-3.50,-0.75,1
-3.50/-1.00,-3.50,-1.00,5
-3.50/-1.25,-3.50,-1.25,3
-3.50/-1.50,-3.50,-1.50,2
-3.50/-1.75,-3.50,-1.75,3
-3.50/-2.00,-3.50,-2.00,4
-3.75/0.00,-3.75,0.00,4
-3.75/-0.25,-3.75,-0.25,1
-3.75/-0.50,-3.75,-0.50,3
-3.75/-0.75,-3.75,-0.75,2
-3.75/-1.00,-3.75,-1.00,6
-3.75/-1.25,-3.75,-1.25,2
-3.75/-1.50,-3.75,-1.50,4
-3.75/-1.75,-3.75,-1.75,4
-3.75/-2.00,-3.75,-2.00,2
-4.00/0.00,-4.00,0.00,1
-4.00/-0.25,-4.00,-0.25,2
-4.00/-0.50,-4.00,-0.50,2
-4.00/-0.75,-4.00,-0.75,5
-4.00/-1.00,-4.00,-1.00,1
-4.00/-1.25,-4.00,-1.25,4
-4.00/-1.50,-4.00,-1.50,1
-4.00/-1.75,-4.00,-1.75,3
-4.00/-2.00,-4.00,-2.00,1
-4.25/0.00,-4.25,0.00,2
-4.25/-0.25,-4.25,-0.25,1
-4.25/-0.50,-4.25,-0.50,3
-4.25/-0.75,-4.25,-0.75,1
-4.25/-1.00,-4.25,-1.00,4
-4.25/-1.25,-4.25,-1.25,2
-4.25/-1.50,-4.25,-1.50,3
-4.25/-1.75,-4.25,-1.75,4
-4.25/-2.00,-4.25,-2.00,4
-4.50/0.00,-4.50,0.00,3
-4.50/-0.25,-4.50,-0.25,2
-4.50/-0.50,-4.50,-0.50,2
-4.50/-0.75,-4.50,-0.75,4
-4.50/-1.00,-4.50,-1.00,3
-4.50/-1.25,-4.50,-1.25,3
-4.50/-1.50,-4.50,-1.50,1
-4.50/-1.75,-4.50,-1.75,4
-4.50/-2.00,-4.50,-2.00,2
-4.75/0.00,-4.75,0.00,4
-4.75/-0.25,-4.75,-0.25,2
-4.75/-0.50,-4.75,-0.50,3
-4.75/-0.75,-4.75,-0.75,1
-4.75/-1.00,-4.75,-1.00,4
-4.75/-1.25,-4.75,-1.25,1
-4.75/-1.50,-4.75,-1.50,2
-4.75/-1.75,-4.75,-1.75,4
-4.75/-2.00,-4.75,-2.00,3
-5.00/0.00,-5.00,0.00,2
-5.00/-0.25,-5.00,-0.25,2
-5.00/-0.50,-5.00,-0.50,3
-5.00/-0.75,-5.00,-0.75,2
-5.00/-1.00,-5.00,-1.00,3
-5.00/-1.25,-5.00,-1.25,4
-5.00/-1.50,-5.00,-1.50,2
-5.00/-1.75,-5.00,-1.75,4
-5.00/-2.00,-5.00,-2.00,4
-5.25/0.00,-5.25,0.00,3
-5.25/-0.25,-5.25,-0.25,0
-5.25/-0.50,-5.25,-0.50,0
-5.25/-0.75,-5.25,-0.75,4
-5.25/-1.00,-5.25,-1.00,2
-5.25/-1.25,-5.25,-1.25,3
-5.25/-1.50,-5.25,-1.50,4
-5.25/-1.75,-5.25,-1.75,4
-5.25/-2.00,-5.25,-2.00,3
-5.50/0.00,-5.50,0.00,2
-5.50/-0.25,-5.50,-0.25,2
-5.50/-0.50,-5.50,-0.50,2
-5.50/-0.75,-5.50,-0.75,3
-5.50/-1.00,-5.50,-1.00,4
-5.50/-1.25,-5.50,-1.25,3
-5.50/-1.50,-5.50,-1.50,4
-5.50/-1.75,-5.50,-1.75,5
-5.50/-2.00,-5.50,-2.00,4
-5.75/0.00,-5.75,0.00,3
-5.75/-0.25,-5.75,-0.25,2
-5.75/-0.50,-5.75,-0.50,2
-5.75/-0.75,-5.75,-0.75,3
-5.75/-1.00,-5.75,-1.00,2
-5.75/-1.25,-5.75,-1.25,2
-5.75/-1.50,-5.75,-1.50,4
-5.75/-1.75,-5.75,-1.75,1
-5.75/-2.00,-5.75,-2.00,3
-6.00/0.00,-6.00,0.00,4
-6.00/-0.25,-6.00,-0.25,1
-6.00/-0.50,-6.00,-0.50,1
-6.00/-0.75,-6.00,-0.75,4
-6.00/-1.00,-6.00,-1.00,3
-6.00/-1.25,-6.00,-1.25,3
-6.00/-1.50,-6.00,-1.50,3
-6.00/-1.75,-6.00,-1.75,2
-6.00/-2.00,-6.00,-2.00,4
